radius,energia,pontos,velocidade,percep
0.052519,168.056290,12.000000,0.985576,0.915789,
0.054868,101.212242,11.000000,0.955939,0.711336,
0.054868,860.841797,48.000000,0.955939,0.711336,
0.053563,69.431374,17.000000,0.939137,0.715468,
0.053563,300.329803,27.000000,0.939137,0.715468,
